Year,Color,Revenue
2021,Red,6.6903744E7
2022,Black,3.8179020386E8
2023,Black,4.022580772E8
2024,Yellow,1.1837314333E8
